<?xml version="1.0" encoding="UTF-8" standalone="yes"?>
<addon id="plugin.video.postnauka"
       name="Postnauka"
       version="1.0.5"
       provider-name="Postnauka">
  <requires>
    <import addon="xbmc.python" version="2.1.0"/>
    <import addon="script.module.requests" version="2.7.0"/>
    <import addon="plugin.video.youtube" version="5.1.9"/>
    <import addon="script.common.plugin.cache" version="2.5.5"/>
    <import addon="script.module.html5lib" version="0.999.0"/>
    <import addon="script.module.beautifulsoup4" version="4.3.2"/>
  </requires>
  <extension point="xbmc.python.pluginsource"
             provides="video"
             library="default.py">
    <provides>video</provides>
  </extension>
  <extension point="xbmc.addon.metadata">
    <summary>Постнаука (Postnauka)</summary>
    <description>Postnauka - научно-популярные видео с сайта postnauka.ru</description>
    <website>https://github.com/sshnaidm/kodi</website>
    <platform>all</platform>
  </extension>
</addon>
